Title,Company,Date posted,Valid until,Education requirements,Standardized Work Position,Actual Position Name,Seniority,Technology,Location,Online Interview,Accepts Students,Work from Home
Data Analyst,Playstudios International Europe,2023-12-29,2024-01-29,Visoka škola ili Bachelor / Viša,IT Analyst,Data Analyst,intermediate,"SQL, Python, R",Beograd | Hibrid,True,False,False
"Analyst, SAP Continuous Improvements",Magna Seating d.o.o.,2024-01-16,2024-02-16,Visoka škola ili Bachelor / Viša,ERP/SAP/ABAP Consultant,"Analyst, SAP Continuous Improvements",intermediate,SAP,Beograd | Hibrid,False,False,False
Cyber Threat Intelligence Analyst,Strabag BRVZ d.o.o.,2023-12-27,2024-01-27,Visoka škola ili Bachelor / Viša,Security Expert,Cyber Threat Intelligence Analyst,intermediate,Cloud,Zagreb | Belgrade,False,False,False
PHP Backend Developer,ch-aviation solutions d.o.o.,2024-01-16,2024-02-16,Visoka škola ili Bachelor / Viša,PHP Developer,PHP Backend Developer,intermediate,"PHP, SQL, Git",Beograd | Hibrid,False,False,False
Medior Analytics Engineer,Robert Bosch d.o.o.,2024-01-17,2024-02-02,Visoka škola ili Bachelor / Viša,Saradnik u oblasti analize,Medior Analytics Engineer,intermediate,"SQL, Python, MS SQL",Beograd | Hibrid,False,False,False
Senior Automation QA Engineer,Accordia Group,2024-01-22,2024-02-22,Visoka škola ili Bachelor / Viša,Automation QA Engineer,Senior Automation QA Engineer,senior,"SQL, Linux, Java, Git, QA, Windows, TeamCity",Beograd | Niš,False,False,False
Data Analyst,Nitka Technologies,2024-01-15,2024-02-15,Visoka škola ili Bachelor / Viša,Saradnik u oblasti analize,Data Analyst,intermediate,N/A,Rad od kuće,False,False,True
Data Analyst,Eneba,2023-12-06,2024-02-05,Visoka škola ili Bachelor / Viša,Saradnik u oblasti analize,Data Analyst,intermediate,"SQL, Python, R",Rad od kuće,False,False,True
Data Analyst,Maids.cc,2023-11-16,2024-02-15,Visoka škola ili Bachelor / Viša,IT Analyst,Data Analyst,intermediate,"MySQL, SQL",Rad od kuće,False,False,True
Data Analyst,Qwertify,2023-09-21,2024-02-19,Visoka škola ili Bachelor / Viša,IT Analyst,Data Analyst,intermediate,Python,Beograd,True,False,False
"Staff Data Analyst, R&D",Mural,2023-12-28,2024-01-28,Visoka škola ili Bachelor / Viša,Saradnik u oblasti analize,"Staff Data Analyst, R&D",senior,SQL,Rad od kuće,False,False,True
Lead Generation & Data Analyst,Atlas Analytics,2023-10-17,2024-02-15,Visoka škola ili Bachelor / Viša,IT Analyst,Lead Generation & Data Analyst,junior,N/A,Rad od kuće,False,False,True
Data Architect,Tremend Software Consulting,2023-12-20,2024-02-19,Visoka škola ili Bachelor / Viša,Data Warehouse / Business Intelligence Developer,Data Architect,intermediate,"NoSQL, Python, AWS, Azure, Kafka",Rad od kuće,False,False,True
Data Engineer,Showwcase - ELITE,2023-09-25,2024-01-24,Visoka škola ili Bachelor / Viša,Data Warehouse / Business Intelligence Developer,Data Engineer,senior,"SQL, Python, Cloud",Rad od kuće,False,False,True
Senior Data Engineer,CobbleWeb Ltd,2023-10-26,2024-01-25,Visoka škola ili Bachelor / Viša,Data Warehouse / Business Intelligence Developer,Senior Data Engineer,senior,"SQL, NoSQL, Python, AWS, Cloud",Rad od kuće,False,False,True
Business Analyst,Maids.cc,2023-11-16,2024-02-15,Visoka škola ili Bachelor / Viša,Poslovni analitičar,Business Analyst,junior,N/A,Rad od kuće,False,False,True
Power BI Analyst,Ansio d.o.o.,2020-11-05,2024-02-08,Visoka škola ili Bachelor / Viša,IT Analyst,Power BI Analyst,intermediate,N/A,Belgrade,False,False,False
Business Analyst,Speed and Function,2023-10-24,2024-02-22,Visoka škola ili Bachelor / Viša,Poslovni analitičar,Business Analyst,intermediate,Jira,Rad od kuće,False,False,True
IT Business Analyst,Tremend Software Consulting,2023-12-20,2024-02-19,Visoka škola ili Bachelor / Viša,IT Analyst,IT Business Analyst,intermediate,UML,Rad od kuće,False,False,True
QA Analyst,Clevertech,2023-05-16,2024-02-10,Visoka škola ili Bachelor / Viša,Automation QA Engineer,QA Analyst,intermediate,QA,Remote,False,False,True
System Senior Analyst,Luxoft d.o.o.,2024-01-15,2024-02-15,Visoka škola ili Bachelor / Viša,IT Analyst,System Senior Analyst,senior,"SQL, XML, JSON, UML, REST, SCRUM, HTTP",Rad od kuće,True,False,True
"Blockchain Operations, Technical Analyst",Chainlink Labs,2024-01-15,2024-02-15,Visoka škola ili Bachelor / Viša,IT Analyst,"Blockchain Operations, Technical Analyst",intermediate,"Linux, Git, Agile",Rad od kuće,False,False,True
Sr. Security Operations Analyst,Alpaca,2024-01-16,2024-02-16,Visoka škola ili Bachelor / Viša,Security Expert,Sr. Security Operations Analyst,senior,"IPS, Cloud",Rad od kuće,False,False,True
Digital Business Analyst,CobbleWeb Ltd,2023-10-26,2024-01-25,Visoka škola ili Bachelor / Viša,Poslovni analitičar,Digital Business Analyst,senior,"Jira, Confluence, Agile",Rad od kuće,False,False,True
Senior QA Analyst,Euronet Services d.o.o.,2022-09-26,2024-02-19,Visoka škola ili Bachelor / Viša,Automation QA Engineer,Senior QA Analyst,senior,"C#, SQL, REST, QA, Cloud, Agile, Cypress",Beograd,False,False,False
"Senior Operations Analyst, Customer Success",Mural,2023-11-27,2024-01-27,Visoka škola ili Bachelor / Viša,IT Analyst,"Senior Operations Analyst, Customer Success",senior,SaaS,Rad od kuće,False,False,True
Software Implementation and QA Analyst,Euronet Services d.o.o.,2023-11-30,2024-01-30,Visoka škola ili Bachelor / Viša,IT Analyst,Software Implementation and QA Analyst,intermediate,"SQL, RDBMS",Beograd | Hibrid,False,False,False
Analytics Engineer,Metabase,2023-10-31,2024-01-30,Visoka škola ili Bachelor / Viša,IT Analyst,Analytics Engineer,senior,SQL,Rad od kuće,False,False,True
ELITE - Analytics Engineer,Showwcase - ELITE,2023-12-18,2024-02-17,Visoka škola ili Bachelor / Viša,Data Warehouse / Business Intelligence Developer,ELITE - Analytics Engineer,senior,"SQL, Java, Python, AWS, Azure, Scala, Cloud, Agile",Rad od kuće,False,False,True
Senior Salesforce Developer,Quadrix Soft d.o.o.,2024-01-15,2024-02-15,Visoka škola ili Bachelor / Viša,Software Developer / Programmer / Engineer,Senior Salesforce Developer,senior,APEX,Niš,False,False,False
Data Scientist,Bridgewater Labs d.o.o.,2024-01-22,2024-02-07,Visoka škola ili Bachelor / Viša,Saradnik u oblasti analize,Data Scientist,intermediate,"Python, R",Novi Sad,False,False,False
Data Analyst,Playstudios International Europe,2023-12-29,2024-01-29,Visoka škola ili Bachelor / Viša,IT Analyst,Data Analyst,intermediate,"SQL, Python, R",Beograd | Hibrid,True,False,False
Software Configuration Engineer (Java),4Create Software d.o.o.,2024-01-16,2024-02-16,Visoka škola ili Bachelor / Viša,Java Developer,Software Configuration Engineer (Java),intermediate,"Linux, Unix, Java, OOP",Rad od kuće,False,True,True
Senior Product Owner,Playstudios International Europe,2024-01-16,2024-02-16,Visoka škola ili Bachelor / Viša,Menadžer proizvoda,Senior Product Owner,senior,"SCRUM, Agile",Beograd | Hibrid,True,False,False
Data Scientist,Grow Therapy,2023-11-16,2024-02-15,Visoka škola ili Bachelor / Viša,Saradnik u oblasti analize,Data Scientist,senior,"SQL, Python",Rad od kuće,False,False,True
Senior Data Scientist,HighLevel,2023-11-28,2024-01-28,Visoka škola ili Bachelor / Viša,Saradnik u oblasti analize,Senior Data Scientist,intermediate,"Python, R, Apache Spark, Flask",Rad od kuće,False,False,True
Senior Data Scientist,EPAM Systems d.o.o.,2023-11-24,2024-01-24,Visoka škola ili Bachelor / Viša,Data Warehouse / Business Intelligence Developer,Senior Data Scientist,senior,"SQL, Python, RDBMS, Cloud, R, Matlab, SPSS",Rad od kuće,False,False,True
Senior Data Scientist,Toptal,2023-01-23,2024-02-18,Visoka škola ili Bachelor / Viša,Data Warehouse / Business Intelligence Developer,Senior Data Scientist,senior,"Python, Cloud",Rad od kuće,False,False,True
Senior Data Scientist - Mobile Games,Carry1st,2023-12-11,2024-02-10,Visoka škola ili Bachelor / Viša,Saradnik u oblasti analize,Senior Data Scientist - Mobile Games,senior,"SQL, Python",Rad od kuće,False,False,True
Senior Full Stack Data Scientist,Syrup Tech,2023-10-03,2024-02-01,Visoka škola ili Bachelor / Viša,Full stack developer,Senior Full Stack Data Scientist,senior,"Apache, Python, Prototype, SaaS, RedShift",Rad od kuće,False,False,True
Data Architect,Tremend Software Consulting,2023-12-20,2024-02-19,Visoka škola ili Bachelor / Viša,Data Warehouse / Business Intelligence Developer,Data Architect,intermediate,"NoSQL, Python, AWS, Azure, Kafka",Rad od kuće,False,False,True
Senior Data Engineer,Syrup Tech,2023-10-03,2024-02-01,Visoka škola ili Bachelor / Viša,Data Warehouse / Business Intelligence Developer,Senior Data Engineer,senior,"Apache, Python, AWS, PostgreSQL, Prototype, SaaS, Cloud, RedShift",Rad od kuće,False,False,True
Business Analyst,Maids.cc,2023-11-16,2024-02-15,Visoka škola ili Bachelor / Viša,Poslovni analitičar,Business Analyst,junior,N/A,Rad od kuće,False,False,True
Staff Backend Software Engineer,neptune.ai,2023-12-22,2024-02-21,Visoka škola ili Bachelor / Viša,Backend developer,Staff Backend Software Engineer,senior,"SQL, Java, NoSQL, Kafka, Kubernetes",Rad od kuće,False,False,True
Analytics Engineer,Metabase,2023-10-31,2024-01-30,Visoka škola ili Bachelor / Viša,IT Analyst,Analytics Engineer,senior,SQL,Rad od kuće,False,False,True
Senior Backend Software Engineer,neptune.ai,2023-12-22,2024-02-21,Visoka škola ili Bachelor / Viša,Backend developer,Senior Backend Software Engineer,senior,"SQL, Java, NoSQL, Kubernetes",Rad od kuće,False,False,True
Frontend Software Engineer,neptune.ai,2023-12-22,2024-02-21,Visoka škola ili Bachelor / Viša,Frontend developer,Frontend Software Engineer,intermediate,TypeScript,Rad od kuće,False,False,True
Backend Software Engineer,neptune.ai,2023-12-22,2024-02-21,Visoka škola ili Bachelor / Viša,Backend developer,Backend Software Engineer,intermediate,Java,Rad od kuće,False,False,True
Product Specialist,neptune.ai,2023-12-22,2024-02-21,Visoka škola ili Bachelor / Viša,Menadžer proizvoda,Product Specialist,intermediate,Python,Rad od kuće,False,False,True
Technical Writer,neptune.ai,2023-12-22,2024-02-21,Visoka škola ili Bachelor / Viša,IT Technical Writer,Technical Writer,intermediate,Python,Rad od kuće,False,False,True
Senior Product Manager,Syrup Tech,2023-11-30,2024-01-30,Visoka škola ili Bachelor / Viša,Menadžer proizvoda,Senior Product Manager,senior,SQL,Rad od kuće,False,False,True
Technical Product Manager,Syrup Tech,2023-10-03,2024-02-01,Visoka škola ili Bachelor / Viša,IT Manager,Technical Product Manager,senior,N/A,Rad od kuće,False,False,True
"Principal Software Engineer, Backend",Syrup Tech,2023-10-03,2024-02-01,Visoka škola ili Bachelor / Viša,Backend developer,"Principal Software Engineer, Backend",senior,"JavaScript, ElasticSearch, AWS, PostgreSQL, Redis, REST, SaaS, TypeScript, Cloud, Aurora",Rad od kuće,False,False,True
Research Engineer,Chainlink Labs,2020-12-30,2024-02-08,Visoka škola ili Bachelor / Viša,IT Project Manager,Research Engineer,intermediate,N/A,Remote,False,False,True
"Principal Software Engineer, Full Stack",Syrup Tech,2023-10-03,2024-02-01,Visoka škola ili Bachelor / Viša,Full stack developer,"Principal Software Engineer, Full Stack",senior,"JavaScript, CSS, HTML, Angular, Java, ElasticSearch, Python, AWS, PostgreSQL, Redis, REST, SaaS, TypeScript, Cloud, Aurora",Rad od kuće,False,False,True
Senior BI Engineer,Oyster,2023-12-27,2024-01-27,Visoka škola ili Bachelor / Viša,Data Warehouse / Business Intelligence Developer,Senior BI Engineer,senior,"SQL, Python, R",Rad od kuće,False,False,True
Senior Backend Engineers,Funding Options - Tide,2024-01-18,2024-02-18,Visoka škola ili Bachelor / Viša,Backend developer,Senior Backend Engineers,intermediate,"Agile, Microservices",Rad od kuće,False,False,True
Senior Cloud Backend Engineer - Yokoy Team,Holycode d.o.o.,2023-11-24,2024-01-24,Visoka škola ili Bachelor / Viša,Backend developer,Senior Cloud Backend Engineer - Yokoy Team,senior,"Node.js, AWS, Azure, DevOps, SaaS, TypeScript, Cloud, MongoDB, RESTful",Rad od kuće,False,False,True
Cloud Backend Engineer - Yokoy Team,Holycode d.o.o.,2023-11-24,2024-01-24,Visoka škola ili Bachelor / Viša,Backend developer,Cloud Backend Engineer - Yokoy Team,intermediate,"JavaScript, AWS, Azure, DevOps, SaaS, TypeScript, Cloud, MongoDB, RESTful",Rad od kuće,False,False,True
AI Controls Solutions Engineer,Phaidra,2023-11-10,2024-02-09,Visoka škola ili Bachelor / Viša,Software Developer / Programmer / Engineer,AI Controls Solutions Engineer,intermediate,"Python, XML, JSON, SCRUM, Cloud, Agile",Rad od kuće,False,False,True
Technical Support Engineer,TelQ Telecom,2024-01-22,2024-02-22,Srednja škola,IT Help Desk / Support,Technical Support Engineer,intermediate,"Jira, Confluence",Beograd,True,False,False
Data Engineer,MaxBet d.o.o.,2024-01-16,2024-02-01,Visoka škola ili Bachelor / Viša,Data Warehouse / Business Intelligence Developer,Data Engineer,intermediate,"SQL, Oracle, Python, AWS, SQL Server, PostgreSQL, Scala, Cloud, RedShift, Amazon S3",Beograd,False,False,False
Cloud Data Engineer,A1 Srbija,2024-01-10,2024-02-09,Visoka škola ili Bachelor / Viša,Big Data Specialist,Cloud Data Engineer,intermediate,"Python, AWS, Docker, Jenkins, Azure, DevOps, Batch, Cloud, Kafka, Kubernetes, Express",Beograd,False,False,False
Data Scientist,Bridgewater Labs d.o.o.,2024-01-22,2024-02-07,Visoka škola ili Bachelor / Viša,Saradnik u oblasti analize,Data Scientist,intermediate,"Python, R",Novi Sad,False,False,False
Data Analyst,Playstudios International Europe,2023-12-29,2024-01-29,Visoka škola ili Bachelor / Viša,IT Analyst,Data Analyst,intermediate,"SQL, Python, R",Beograd | Hibrid,True,False,False
Salesforce Developer,Engineering Software Lab d.o.o.,2024-01-10,2024-02-10,Visoka škola ili Bachelor / Viša,Software Developer / Programmer / Engineer,Salesforce Developer,intermediate,"SOAP, APEX, REST",Beograd | Hibrid,False,False,False
Software Developer,Danieli Systec Engineering d.o.o.,2024-01-12,2024-01-28,Visoka škola ili Bachelor / Viša,Software Developer / Programmer / Engineer,Software Developer,intermediate,".NET, C#, SQL, C++, Oracle, C, PL/SQL",Serbia and whole world,False,False,False
SAP Consultant (FI/CO/SD/MM/PP/PM/QM/WM/EWM),Engineering Software Lab d.o.o.,2023-12-27,2024-01-27,Visoka škola ili Bachelor / Viša,ERP/SAP/ABAP Consultant,SAP Consultant (FI/CO/SD/MM/PP/PM/QM/WM/EWM),intermediate,SAP,Beograd | Hibrid,False,False,False
Cloud Engineer,Coming - Computer Engineering d.o.o.,2024-01-11,2024-01-27,Visoka škola ili Bachelor / Viša,System Administrator / Engineer,Cloud Engineer,intermediate,"Linux, VMware, Windows, PowerShell, Bash, Cloud",Beograd | Hibrid,True,False,False
Data Architect - Catalog Owner,Robert Bosch d.o.o.,2024-01-15,2024-01-31,Visoka škola ili Bachelor / Viša,IT Architect,Data Architect - Catalog Owner,intermediate,SQL,Beograd | Hibrid,False,False,False
IT System Engineer,TeleTrader d.o.o.,2024-01-22,2024-02-22,Visoka škola ili Bachelor / Viša,System Administrator / Engineer,IT System Engineer,intermediate,"Linux, Windows Server, Windows, Proxy",Beograd,True,False,False
DevOps Engineer,Playstudios International Europe,2023-12-28,2024-01-28,Visoka škola ili Bachelor / Viša,DevOps System Administrator / Engineer,DevOps Engineer,intermediate,"MySQL, Linux, Unix, Python, Jenkins, Couchbase, DevOps, Bash, MongoDB, Kubernetes, hadoop, Apache Spark",Beograd | Hibrid,True,False,False
DevOps Engineer,Sedecom Solutions,2024-01-20,2024-02-05,Visoka škola ili Bachelor / Viša,DevOps System Administrator / Engineer,DevOps Engineer,intermediate,"MySQL, Linux, NoSQL, Python, AWS, Perl, Docker, Ansible, Jenkins, Redis, DevOps, Bash, Cloud, MongoDB, Kafka, Kubernetes",Beograd | Hibrid,False,True,False
Security Engineer,P3 RS,2024-01-09,2024-02-09,Visoka škola ili Bachelor / Viša,Security Expert,Security Engineer,intermediate,"Azure, Cloud",Beograd | Hibrid,False,False,False
Software Engineer,IPS-Energy Serbia,2024-01-11,2024-01-27,Visoka škola ili Bachelor / Viša,Software Developer / Programmer / Engineer,Software Engineer,intermediate,".NET, C#, JavaScript, C++, Jira, C, IPS, Embedded, Agile",Beograd | Hibrid,True,False,False
QA Engineer,Planeta Sport d.o.o.,2024-01-04,2024-02-04,Visoka škola ili Bachelor / Viša,Automation QA Engineer,QA Engineer,intermediate,"SQL, Jira, Confluence, REST, QA",Beograd | Hibrid,False,False,False
Linux System Engineer,TeleTrader d.o.o.,2024-01-09,2024-02-09,Visoka škola ili Bachelor / Viša,Linux System Administrator,Linux System Engineer,intermediate,"MySQL, Linux, Apache, Git, NginX, VMware, Puppet, Ansible, PostgreSQL, Redis, DNS, TCP/IP, MongoDB, HAProxy",Beograd,True,False,False
Medior Analytics Engineer,Robert Bosch d.o.o.,2024-01-17,2024-02-02,Visoka škola ili Bachelor / Viša,Saradnik u oblasti analize,Medior Analytics Engineer,intermediate,"SQL, Python, MS SQL",Beograd | Hibrid,False,False,False
Software Engineer (Java),Pool4Tool,2024-01-19,2024-02-04,Visoka škola ili Bachelor / Viša,Java Developer,Software Engineer (Java),senior,"SQL, Java",Beograd | Hibrid,True,False,False
Senior Java Software Engineer,Accordia Group,2024-01-18,2024-02-18,Visoka škola ili Bachelor / Viša,Java Developer,Senior Java Software Engineer,senior,"Spring, Java, Git, JUnit, TestNG, Maven, OOP",Beograd | Niš,False,False,False
Senior Automation QA Engineer,Accordia Group,2024-01-22,2024-02-22,Visoka škola ili Bachelor / Viša,Automation QA Engineer,Senior Automation QA Engineer,senior,"SQL, Linux, Java, Git, QA, Windows, TeamCity",Beograd | Niš,False,False,False
Client Support Engineer,Accordia Group,2024-01-05,2024-02-05,Visoka škola ili Bachelor / Viša,IT Help Desk / Support,Client Support Engineer,intermediate,"SQL Server, Jira, Confluence, Windows",Niš,False,False,False
Network and Security Engineer,TTTech Auto,2024-01-16,2024-02-16,Visoka škola ili Bachelor / Viša,Network Administrator / Engineer,Network and Security Engineer,intermediate,"CISCO, VPN",Novi Sad,False,False,False
Jira Automation Engineer,Cisco Srbija d.o.o.,2024-01-11,2024-01-27,Visoka škola ili Bachelor / Viša,IT Architect,Jira Automation Engineer,intermediate,"Linux, JavaScript, Java, Python, Jira, Confluence, REST, Groovy",Beograd,False,False,False
Software Configuration Engineer (Java),4Create Software d.o.o.,2024-01-16,2024-02-16,Visoka škola ili Bachelor / Viša,Java Developer,Software Configuration Engineer (Java),intermediate,"Linux, Unix, Java, OOP",Rad od kuće,False,True,True
Senior Software Testing Engineer,Wartsila Voyage d.o.o.,2023-12-26,2024-01-26,Visoka škola ili Bachelor / Viša,Automation QA Engineer,Senior Software Testing Engineer,senior,"Python, Jira, Confluence, QA, SCRUM, Agile",Beograd | Hibrid,False,False,False
Senior Test Automation Engineer in Embedded,Novelic d.o.o.,2024-01-05,2024-02-05,Visoka škola ili Bachelor / Viša,Automation QA Engineer,Senior Test Automation Engineer in Embedded,senior,"C++, Python, C, QA, Embedded",Beograd,False,False,False
Lead System Engineer - Patch Management and Monitoring,Portfolio BI,2024-01-10,2024-01-26,Visoka škola ili Bachelor / Viša,System Administrator / Engineer,Lead System Engineer - Patch Management and Monitoring,senior,"Linux, Windows Server, Git, AWS, Azure, DevOps, PowerShell, SaaS, SNMP, Cloud, MariaDB, Agile, Windows, macOS",Beograd | Hibrid,True,False,False
NOC Technician T2,CCBill SRB d.o.o.,2024-01-22,2024-02-22,Visoka škola ili Bachelor / Viša,IT Help Desk / Support,NOC Technician T2,junior,"Linux, Unix",Beograd,True,False,False
PHP Backend Developer,ch-aviation solutions d.o.o.,2024-01-16,2024-02-16,Visoka škola ili Bachelor / Viša,PHP Developer,PHP Backend Developer,intermediate,"PHP, SQL, Git",Beograd | Hibrid,False,False,False
Data Analyst,Playstudios International Europe,2023-12-29,2024-01-29,Visoka škola ili Bachelor / Viša,IT Analyst,Data Analyst,intermediate,"SQL, Python, R",Beograd | Hibrid,True,False,False
Content Assembler/Analyst,Perficient d.o.o.,2024-01-09,2024-02-09,Visoka škola ili Bachelor / Viša,IT Analyst,Content Assembler/Analyst,intermediate,N/A,Rad od kuće,True,False,True
"Analyst, SAP Continuous Improvements",Magna Seating d.o.o.,2024-01-16,2024-02-16,Visoka škola ili Bachelor / Viša,ERP/SAP/ABAP Consultant,"Analyst, SAP Continuous Improvements",intermediate,SAP,Beograd | Hibrid,False,False,False
Microsoft 365 Analyst,Strabag AG,2023-12-27,2024-01-27,Visoka škola ili Bachelor / Viša,Consultant  for Business Software,Microsoft 365 Analyst,intermediate,"SharePoint, Cloud",Belgrade | Zagreb,False,False,False
Product Owner,Logosoft d.o.o.,2024-01-10,2024-02-10,Visoka škola ili Bachelor / Viša,Menadžer proizvoda,Product Owner,intermediate,"Jira, Confluence, SCRUM, Agile",Beograd | Hibrid,False,False,False
Senior Automation QA Engineer,Accordia Group,2024-01-22,2024-02-22,Visoka škola ili Bachelor / Viša,Automation QA Engineer,Senior Automation QA Engineer,senior,"SQL, Linux, Java, Git, QA, Windows, TeamCity",Beograd | Niš,False,False,False
Technical Writer Senior,FIS,2023-12-29,2024-01-29,Visoka škola ili Bachelor / Viša,IT Technical Writer,Technical Writer Senior,senior,"CSS, HTML, Git, Svn, Jira, Agile",Beograd | Hibrid,False,False,False
Medior Analytics Engineer,Robert Bosch d.o.o.,2024-01-17,2024-02-02,Visoka škola ili Bachelor / Viša,Saradnik u oblasti analize,Medior Analytics Engineer,intermediate,"SQL, Python, MS SQL",Beograd | Hibrid,False,False,False
PHP Backend Developer,ch-aviation solutions d.o.o.,2024-01-16,2024-02-16,Visoka škola ili Bachelor / Viša,PHP Developer,PHP Backend Developer,intermediate,"PHP, SQL, Git",Beograd | Hibrid,False,False,False
IT Infrastructure Specialist - Windows and Microsoft 365,TTTech Auto,2024-01-16,2024-02-16,Visoka škola ili Bachelor / Viša,System Administrator / Engineer,IT Infrastructure Specialist - Windows and Microsoft 365,"intermediate, senior","SharePoint, Windows Server, Windows, PowerShell, DNS, Cloud, Active Directory",Novi Sad,False,False,False
IT Business Analyst,Tremend Software Consulting,2023-12-20,2024-02-19,Visoka škola ili Bachelor / Viša,IT Analyst,IT Business Analyst,intermediate,UML,Rad od kuće,False,False,True
Business Analyst,Maids.cc,2023-11-16,2024-02-15,Visoka škola ili Bachelor / Viša,Poslovni analitičar,Business Analyst,junior,N/A,Rad od kuće,False,False,True
Business Analyst,Speed and Function,2023-10-24,2024-02-22,Visoka škola ili Bachelor / Viša,Poslovni analitičar,Business Analyst,intermediate,Jira,Rad od kuće,False,False,True
Digital Business Analyst,CobbleWeb Ltd,2023-10-26,2024-01-25,Visoka škola ili Bachelor / Viša,Poslovni analitičar,Digital Business Analyst,senior,"Jira, Confluence, Agile",Rad od kuće,False,False,True
Middle Business Analyst,eWave Commerce,2022-01-04,2024-01-26,Visoka škola ili Bachelor / Viša,IT Analyst,Middle Business Analyst,intermediate,N/A,Remote,False,False,True
Senior Business Analyst,eWave Commerce,2022-01-04,2024-01-26,Visoka škola ili Bachelor / Viša,IT Analyst,Senior Business Analyst,senior,Magento,Remote,False,False,True
"Junior Business Analyst/ Junior Technical Consultant, Career Development Program",eWave Commerce,2022-01-06,2024-01-26,Visoka škola ili Bachelor / Viša,IT Analyst,"Junior Business Analyst/ Junior Technical Consultant, Career Development Program",junior,Foundation,Remote,False,False,True
Data Analyst,Maids.cc,2023-11-16,2024-02-15,Visoka škola ili Bachelor / Viša,IT Analyst,Data Analyst,intermediate,"MySQL, SQL",Rad od kuće,False,False,True
Power BI Analyst,Ansio d.o.o.,2020-11-05,2024-02-08,Visoka škola ili Bachelor / Viša,IT Analyst,Power BI Analyst,intermediate,N/A,Belgrade,False,False,False
Data Analyst,Nitka Technologies,2024-01-15,2024-02-15,Visoka škola ili Bachelor / Viša,Saradnik u oblasti analize,Data Analyst,intermediate,N/A,Rad od kuće,False,False,True
Data Analyst,Eneba,2023-12-06,2024-02-05,Visoka škola ili Bachelor / Viša,Saradnik u oblasti analize,Data Analyst,intermediate,"SQL, Python, R",Rad od kuće,False,False,True
QA Analyst,Clevertech,2023-05-16,2024-02-10,Visoka škola ili Bachelor / Viša,Automation QA Engineer,QA Analyst,intermediate,QA,Remote,False,False,True
"Staff Data Analyst, R&D",Mural,2023-12-28,2024-01-28,Visoka škola ili Bachelor / Viša,Saradnik u oblasti analize,"Staff Data Analyst, R&D",senior,SQL,Rad od kuće,False,False,True
Senior QA Analyst,Euronet Services d.o.o.,2022-09-26,2024-02-19,Visoka škola ili Bachelor / Viša,Automation QA Engineer,Senior QA Analyst,senior,"C#, SQL, REST, QA, Cloud, Agile, Cypress",Beograd,False,False,False
Sr. Security Operations Analyst,Alpaca,2024-01-16,2024-02-16,Visoka škola ili Bachelor / Viša,Security Expert,Sr. Security Operations Analyst,senior,"IPS, Cloud",Rad od kuće,False,False,True
System Senior Analyst,Luxoft d.o.o.,2024-01-15,2024-02-15,Visoka škola ili Bachelor / Viša,IT Analyst,System Senior Analyst,senior,"SQL, XML, JSON, UML, REST, SCRUM, HTTP",Rad od kuće,True,False,True
"Blockchain Operations, Technical Analyst",Chainlink Labs,2024-01-15,2024-02-15,Visoka škola ili Bachelor / Viša,IT Analyst,"Blockchain Operations, Technical Analyst",intermediate,"Linux, Git, Agile",Rad od kuće,False,False,True
QA Analyst - Automation,InvGate,2023-11-07,2024-02-06,Visoka škola ili Bachelor / Viša,Automation QA Engineer,QA Analyst - Automation,intermediate,"SQL, Selenium, Jenkins, REST, QA, SCRUM, Agile",Rad od kuće,False,False,True
Lead Generation & Data Analyst,Atlas Analytics,2023-10-17,2024-02-15,Visoka škola ili Bachelor / Viša,IT Analyst,Lead Generation & Data Analyst,junior,N/A,Rad od kuće,False,False,True
Software Implementation and QA Analyst,Euronet Services d.o.o.,2023-11-30,2024-01-30,Visoka škola ili Bachelor / Viša,IT Analyst,Software Implementation and QA Analyst,intermediate,"SQL, RDBMS",Beograd | Hibrid,False,False,False
Medior Analytics Engineer,Robert Bosch d.o.o.,2024-01-17,2024-02-02,Visoka škola ili Bachelor / Viša,Saradnik u oblasti analize,Medior Analytics Engineer,intermediate,"SQL, Python, MS SQL",Beograd | Hibrid,False,False,False
Business Analyst,Maids.cc,2023-11-16,2024-02-15,Visoka škola ili Bachelor / Viša,Poslovni analitičar,Business Analyst,junior,N/A,Rad od kuće,False,False,True
Business Analyst,Speed and Function,2023-10-24,2024-02-22,Visoka škola ili Bachelor / Viša,Poslovni analitičar,Business Analyst,intermediate,Jira,Rad od kuće,False,False,True
"Staff Data Analyst, R&D",Mural,2023-12-28,2024-01-28,Visoka škola ili Bachelor / Viša,Saradnik u oblasti analize,"Staff Data Analyst, R&D",senior,SQL,Rad od kuće,False,False,True
Lead Generation & Data Analyst,Atlas Analytics,2023-10-17,2024-02-15,Visoka škola ili Bachelor / Viša,IT Analyst,Lead Generation & Data Analyst,junior,N/A,Rad od kuće,False,False,True
Analytics Engineer,Metabase,2023-10-31,2024-01-30,Visoka škola ili Bachelor / Viša,IT Analyst,Analytics Engineer,senior,SQL,Rad od kuće,False,False,True
Senior BI Engineer,Oyster,2023-12-27,2024-01-27,Visoka škola ili Bachelor / Viša,Data Warehouse / Business Intelligence Developer,Senior BI Engineer,senior,"SQL, Python, R",Rad od kuće,False,False,True
Senior Data Engineer,CobbleWeb Ltd,2023-10-26,2024-01-25,Visoka škola ili Bachelor / Viša,Data Warehouse / Business Intelligence Developer,Senior Data Engineer,senior,"SQL, NoSQL, Python, AWS, Cloud",Rad od kuće,False,False,True
"Analyst, SAP Continuous Improvements",Magna Seating d.o.o.,2024-01-16,2024-02-16,Visoka škola ili Bachelor / Viša,ERP/SAP/ABAP Consultant,"Analyst, SAP Continuous Improvements",intermediate,SAP,Beograd | Hibrid,False,False,False
Product Owner,Logosoft d.o.o.,2024-01-10,2024-02-10,Visoka škola ili Bachelor / Viša,Menadžer proizvoda,Product Owner,intermediate,"Jira, Confluence, SCRUM, Agile",Beograd | Hibrid,False,False,False
Data Analyst,Eneba,2023-12-06,2024-02-05,Visoka škola ili Bachelor / Viša,Saradnik u oblasti analize,Data Analyst,intermediate,"SQL, Python, R",Rad od kuće,False,False,True
Digital Business Analyst,CobbleWeb Ltd,2023-10-26,2024-01-25,Visoka škola ili Bachelor / Viša,Poslovni analitičar,Digital Business Analyst,senior,"Jira, Confluence, Agile",Rad od kuće,False,False,True
"Staff Data Analyst, R&D",Mural,2023-12-28,2024-01-28,Visoka škola ili Bachelor / Viša,Saradnik u oblasti analize,"Staff Data Analyst, R&D",senior,SQL,Rad od kuće,False,False,True
Senior QA Analyst,Euronet Services d.o.o.,2022-09-26,2024-02-19,Visoka škola ili Bachelor / Viša,Automation QA Engineer,Senior QA Analyst,senior,"C#, SQL, REST, QA, Cloud, Agile, Cypress",Beograd,False,False,False
Middle Business Analyst,eWave Commerce,2022-01-04,2024-01-26,Visoka škola ili Bachelor / Viša,IT Analyst,Middle Business Analyst,intermediate,N/A,Remote,False,False,True
Senior Business Analyst,eWave Commerce,2022-01-04,2024-01-26,Visoka škola ili Bachelor / Viša,IT Analyst,Senior Business Analyst,senior,Magento,Remote,False,False,True
Lead Generation & Data Analyst,Atlas Analytics,2023-10-17,2024-02-15,Visoka škola ili Bachelor / Viša,IT Analyst,Lead Generation & Data Analyst,junior,N/A,Rad od kuće,False,False,True
"Senior Operations Analyst, Customer Success",Mural,2023-11-27,2024-01-27,Visoka škola ili Bachelor / Viša,IT Analyst,"Senior Operations Analyst, Customer Success",senior,SaaS,Rad od kuće,False,False,True
Senior C++ Developer (Capital Markets),Luxoft d.o.o.,2023-11-24,2024-01-24,Visoka škola ili Bachelor / Viša,C#/C++ Developer,Senior C++ Developer (Capital Markets),senior,"C++, MS SQL",Beograd,True,False,False
"Junior Business Analyst/ Junior Technical Consultant, Career Development Program",eWave Commerce,2022-01-06,2024-01-26,Visoka škola ili Bachelor / Viša,IT Analyst,"Junior Business Analyst/ Junior Technical Consultant, Career Development Program",junior,Foundation,Remote,False,False,True
Magento Developer,Inspiron Solutions,2017-09-25,2024-02-08,Visoka škola ili Bachelor / Viša,PHP Developer,Magento Developer,intermediate,"PHP, SQL, JavaScript, CSS, HTML, LAMP, Magento",Beograd,False,False,False
UX/UI Designer,Sourceter,2023-11-07,2024-02-06,Visoka škola ili Bachelor / Viša,UX / UI / WEB Designer,UX/UI Designer,intermediate,"Figma, Sketch, Adobe",Rad od kuće,False,False,True
Project Research (Blockchain Research),Binance,2023-10-27,2024-01-26,Visoka škola ili Bachelor / Viša,IT Analyst,Project Research (Blockchain Research),intermediate,N/A,Rad od kuće,False,False,True
Principal GTM Technical Architect,Mural,2023-12-28,2024-01-28,Visoka škola ili Bachelor / Viša,IT Architect,Principal GTM Technical Architect,senior,"SOAP, REST, SaaS",Rad od kuće,False,False,True
Senior QA Automation Developer (Cypress/Postman),Xe.com,2023-10-27,2024-01-26,Visoka škola ili Bachelor / Viša,Automation QA Engineer,Senior QA Automation Developer (Cypress/Postman),senior,"C#, REST, QA, SCRUM, Cloud, Agile, Cypress",Beograd | Hibrid,False,False,False
Growth Product Manager,Tempo Software Inc.,2023-11-02,2024-02-01,Visoka škola ili Bachelor / Viša,Menadžer proizvoda,Growth Product Manager,intermediate,N/A,Rad od kuće,False,False,True
Technical Support Engineer,Orderly Network,2023-12-20,2024-02-19,Visoka škola ili Bachelor / Viša,IT Help Desk / Support,Technical Support Engineer,intermediate,"SQL, Linux, JavaScript, C++, Java, Python, WebSockets, Jira, RESTful",Rad od kuće,False,False,True
"Software Engineer, Solidity",Orderly Network,2023-12-20,2024-02-19,Visoka škola ili Bachelor / Viša,Software Developer / Programmer / Engineer,"Software Engineer, Solidity",intermediate,N/A,Rad od kuće,False,False,True
ELITE - Analytics Engineer,Showwcase - ELITE,2023-12-18,2024-02-17,Visoka škola ili Bachelor / Viša,Data Warehouse / Business Intelligence Developer,ELITE - Analytics Engineer,senior,"SQL, Java, Python, AWS, Azure, Scala, Cloud, Agile",Rad od kuće,False,False,True
Data Engineer,Showwcase - ELITE,2023-09-25,2024-01-24,Visoka škola ili Bachelor / Viša,Data Warehouse / Business Intelligence Developer,Data Engineer,senior,"SQL, Python, Cloud",Rad od kuće,False,False,True
Senior Data Engineer,CobbleWeb Ltd,2023-10-26,2024-01-25,Visoka škola ili Bachelor / Viša,Data Warehouse / Business Intelligence Developer,Senior Data Engineer,senior,"SQL, NoSQL, Python, AWS, Cloud",Rad od kuće,False,False,True
Enterprise Architect,CoverGo,2023-12-04,2024-02-03,Visoka škola ili Bachelor / Viša,IT Architect,Enterprise Architect,senior,Cloud,Rad od kuće,False,False,True
Product Manager (Developer Experience),IOVLabs,2023-10-30,2024-01-29,Visoka škola ili Bachelor / Viša,Menadžer proizvoda,Product Manager (Developer Experience),intermediate,"SCRUM, Agile",Rad od kuće,False,False,True
